{"name":"GaIA","short_name":"GaIA","description":"Aplicación para el cuidado y monitoreo de adultos mayores","start_url":"/?standalone=true","display":"standalone","display_override":["window-controls-overlay","standalone"],"background_color":"#ffffff","theme_color":"#A855F7","orientation":"portrait","scope":"/","lang":"es","icons":[{"src":"/icons/gaia-192.png","sizes":"192x192","type":"image/png"},{"src":"/icons/gaia-512.png","sizes":"512x512","type":"image/png","purpose":"any maskable"}],"categories":["health","medical","lifestyle"]}